<?xml version="1.0" encoding="UTF-8"?>
<strXMLWorkitemData>
<loan_num>602880724</loan_num>

                            <process_type>4506</process_type>

                            <event>CONV</event>

                            <entry_date>12/13/2018</entry_date>

                            <requesting_user>RBAGALKO</requesting_user>

                            <unique_id>980011</unique_id>

                            <first_touched_user>RAJIV TESTER</first_touched_user>

                            <underwriter_name>UwShortName</underwriter_name>
	
</strXMLWorkitemData>

